LCLid,day,energy_median,energy_mean,energy_max,energy_count,energy_std,energy_sum,energy_min
MAC000193,28-11-2011,0.307,0.307347826,0.584,23,0.113952386,7.069,0.122
MAC000193,29-11-2011,0.186,0.2055,0.778,48,0.182112427,9.864,0.022
MAC000193,30-11-2011,0.06,0.15975,0.982,48,0.191090321,7.668,0.018
MAC000193,01-12-2011,0.1335,0.214395833,1.232,48,0.249917581,10.291,0.03
MAC000193,02-12-2011,0.036,0.0866875,1.276,48,0.229723808,4.161,0.022
MAC000193,03-12-2011,0.028,0.029,0.039,48,0.004115358,1.392,0.023
MAC000193,04-12-2011,0.03,0.1219375,0.563,48,0.148869271,5.853,0.024
MAC000193,05-12-2011,0.174,0.216375,1.094,48,0.239722501,10.386,0.025
MAC000193,06-12-2011,0.2125,0.247541667,1.21,48,0.279328294,11.882,0.024
MAC000193,07-12-2011,0.081,0.206583333,0.784,48,0.204418098,9.916,0.028
MAC000193,08-12-2011,0.139,0.234625,1.461,48,0.284476348,11.262,0.025
MAC000193,09-12-2011,0.135,0.309291667,1.557,48,0.372843242,14.846,0.029
MAC000193,10-12-2011,0.309,0.488625002,2.809,48,0.623498121,23.4540001,0.024
MAC000193,11-12-2011,0.302,0.425249998,2.0639999,48,0.48476247,20.4119999,0.022
MAC000193,12-12-2011,0.1455,0.239166667,1.2920001,48,0.285209021,11.48,0.023
MAC000193,13-12-2011,0.1225,0.183020833,0.885,48,0.181278848,8.785,0.026
MAC000193,14-12-2011,0.2825,0.318145833,1.911,48,0.383427598,15.271,0.023
MAC000193,15-12-2011,0.167,0.259541667,1.233,48,0.270834955,12.458,0.024
MAC000193,16-12-2011,0.061,0.192416667,0.938,48,0.237677668,9.236,0.015
MAC000193,17-12-2011,0.152,0.230583333,1.163,48,0.264038104,11.068,0.021
MAC000193,18-12-2011,0.124,0.196583333,1.243,48,0.237904042,9.436,0.017
MAC000193,19-12-2011,0.3045,0.321729167,1.808,48,0.326723042,15.443,0.018
MAC000193,20-12-2011,0.0925,0.263020833,1.103,48,0.284070525,12.625,0.006
MAC000193,21-12-2011,0.088,0.2528125,1.673,48,0.346216428,12.135,0.011
MAC000193,22-12-2011,0.304,0.304333333,1.567,48,0.330015817,14.608,0.018
MAC000193,23-12-2011,0.096,0.2046875,0.837,48,0.226382951,9.825,0.015
MAC000193,24-12-2011,0.063,0.207583333,1.074,48,0.260631135,9.964,0.013
MAC000193,25-12-2011,0.3125,0.372208335,2.6530001,48,0.490376199,17.8660001,0.009
MAC000193,26-12-2011,0.1965,0.239125,0.766,48,0.204450964,11.478,0.028
MAC000193,27-12-2011,0.2475,0.273416667,1.059,48,0.27040693,13.124,0.032
MAC000193,28-12-2011,0.1505,0.258833333,1.063,48,0.278304772,12.424,0.028
MAC000193,29-12-2011,0.092,0.2364375,1.301,48,0.293146823,11.349,0.017
MAC000193,30-12-2011,0.1135,0.271395835,2.1960001,48,0.428795688,13.0270001,0.017
MAC000193,31-12-2011,0.078,0.172895833,0.748,48,0.164185577,8.299,0.017
MAC000193,01-01-2012,0.284,0.286416669,1.4630001,48,0.307342068,13.7480001,0.016
MAC000193,02-01-2012,0.0945,0.174416667,0.776,48,0.176179047,8.372,0.012
MAC000193,03-01-2012,0.1055,0.2175625,1.138,48,0.242974642,10.443,0.017
MAC000193,04-01-2012,0.1175,0.204979167,0.98,48,0.220726025,9.839,0.008
MAC000193,05-01-2012,0.1225,0.254020835,1.387,48,0.318190534,12.1930001,0.013
MAC000193,06-01-2012,0.1625,0.207541667,1.299,48,0.225506612,9.962,0.01
MAC000193,07-01-2012,0.131,0.201250002,1.0880001,48,0.230923455,9.6600001,0.006
MAC000193,08-01-2012,0.2035,0.240958331,1.2539999,48,0.274898732,11.5659999,0.005
MAC000193,09-01-2012,0.128,0.217854167,1.149,48,0.256830351,10.457,0.011
MAC000193,10-01-2012,0.1085,0.181291667,1.128,48,0.206714929,8.702,0.011
MAC000193,11-01-2012,0.1155,0.387958335,2.0610001,48,0.616548876,18.6220001,0.01
MAC000193,12-01-2012,0.1925,0.2293125,1.039,48,0.2193701,11.007,0.012
MAC000193,13-01-2012,0.124,0.222458335,1.3380001,48,0.285983936,10.6780001,0.011
MAC000193,14-01-2012,0.157,0.184833333,0.956,48,0.19116767,8.872,0.009
MAC000193,15-01-2012,0.2175,0.292770835,1.58,48,0.368202842,14.0530001,0.017
MAC000193,16-01-2012,0.1855,0.230395833,0.991,48,0.243939541,11.059,0.006
MAC000193,17-01-2012,0.28,0.388979165,1.9809999,48,0.438829455,18.6709999,0.004
MAC000193,18-01-2012,0.269,0.578583333,2.664,48,0.778012026,27.772,0.007
MAC000193,19-01-2012,0.2455,0.287854167,1.159,48,0.283693046,13.817,0.017
MAC000193,20-01-2012,0.1755,0.285729167,1.603,48,0.366251729,13.715,0.013
MAC000193,21-01-2012,0.204,0.309708333,1.015,48,0.32613931,14.866,0.021
MAC000193,22-01-2012,0.173,0.313479165,1.3789999,48,0.378284306,15.0469999,0.01
MAC000193,23-01-2012,0.1635,0.258875,1.738,48,0.328989014,12.426,0.015
MAC000193,24-01-2012,0.204,0.253750002,1.1210001,48,0.271927211,12.1800001,0.008
MAC000193,25-01-2012,0.2485,0.304958331,1.4119999,48,0.313849662,14.6379999,0.011
MAC000193,26-01-2012,0.1595,0.2494375,1.24,48,0.284988085,11.973,0.01
MAC000193,27-01-2012,0.291,0.397979167,1.645,48,0.403811916,19.103,0.009
MAC000193,28-01-2012,0.1685,0.192854167,0.779,48,0.207588688,9.257,0.008
MAC000193,29-01-2012,0.272,0.364229167,1.9,48,0.440690814,17.483,0.006
MAC000193,30-01-2012,0.278,0.332875,1.659,48,0.368090797,15.978,0.003
MAC000193,31-01-2012,0.2645,0.327833335,1.4680001,48,0.316414988,15.7360001,0.013
MAC000193,01-02-2012,0.2735,0.394312498,1.929,48,0.485305698,18.9269999,0.009
MAC000193,02-02-2012,0.116,0.265500002,1.4220001,48,0.306096363,12.7440001,0.016
MAC000193,03-02-2012,0.2765,0.413666667,1.781,48,0.439671458,19.856,0.013
MAC000193,04-02-2012,0.263,0.338312496,1.6289999,48,0.351218,16.2389998,0.012
MAC000193,05-02-2012,0.2035,0.377,1.943,48,0.459998196,18.096,0.015
MAC000193,06-02-2012,0.2855,0.379812498,1.743,48,0.399205304,18.2309999,0.021
MAC000193,07-02-2012,0.1915,0.317062498,2.4389999,48,0.454777252,15.2189999,0.012
MAC000193,08-02-2012,0.1745,0.300083333,1.834,48,0.395032336,14.404,0.012
MAC000193,09-02-2012,0.2365,0.279875,1.405,48,0.291473704,13.434,0.006
MAC000193,10-02-2012,0.302,0.373770831,2.342,48,0.42042831,17.9409999,0.011
MAC000193,11-02-2012,0.373,0.365958333,1.534,48,0.320969871,17.566,0.009
MAC000193,12-02-2012,0.177,0.431395835,2.3440001,48,0.585619655,20.7070001,0.017
MAC000193,13-02-2012,0.171,0.301479167,1.251,48,0.329832516,14.471,0.015
MAC000193,14-02-2012,0.233,0.359166669,1.475,48,0.380637787,17.2400001,0.016
MAC000193,15-02-2012,0.4915,0.5156875,1.975,48,0.530507391,24.753,0.014
MAC000193,16-02-2012,0.0965,0.293562498,1.067,48,0.334358569,14.0909999,0.02
MAC000193,17-02-2012,0.125,0.257083333,1.247,48,0.318992218,12.34,0.021
MAC000193,18-02-2012,0.2025,0.2566875,0.978,48,0.255816686,12.321,0.023
MAC000193,19-02-2012,0.1645,0.453374994,2.2909999,48,0.605880655,21.7619997,0.015
MAC000193,20-02-2012,0.082,0.30275,1.513,48,0.357018713,14.532,0.013
MAC000193,21-02-2012,0.0515,0.286270833,1.851,48,0.393726265,13.741,0.009
MAC000193,22-02-2012,0.2855,0.461312498,1.3049999,48,0.443640072,22.1429999,0.014
MAC000193,23-02-2012,0.1245,0.448333331,2.089,48,0.499604749,21.5199999,0.012
MAC000193,24-02-2012,0.2815,0.486104163,1.487,48,0.487528858,23.3329998,0.012
MAC000193,25-02-2012,0.4925,0.479104167,1.276,48,0.415363324,22.997,0.019
MAC000193,26-02-2012,0.404,0.524041665,2.276,48,0.52776836,25.1539999,0.017
MAC000193,27-02-2012,0.199,0.452729167,2.053,48,0.469622109,21.731,0.006
MAC000193,28-02-2012,0.052,0.36225,1.561,48,0.426760309,17.388,0.015
MAC000193,29-02-2012,0.117,0.310479167,1.375,48,0.346512595,14.903,0.012
MAC000193,01-03-2012,0.0695,0.307166667,1.638,48,0.385541859,14.744,0.012
MAC000193,02-03-2012,0.182,0.4110625,1.576,48,0.420045661,19.731,0.018
MAC000193,03-03-2012,0.113,0.336791667,1.105,48,0.375314277,16.166,0.008
MAC000193,04-03-2012,0.514,0.511999998,1.673,48,0.483837713,24.5759999,0.008
MAC000193,05-03-2012,0.159,0.371354167,1.385,48,0.412849593,17.825,0
MAC000193,06-03-2012,0.328,0.447125,1.712,48,0.471784102,21.462,0
MAC000193,07-03-2012,0.137,0.392500002,2.674,48,0.526225058,18.8400001,0
MAC000193,08-03-2012,0.134,0.399062498,1.5319999,48,0.44865052,19.1549999,0.002
MAC000193,09-03-2012,0.2425,0.461562502,1.885,48,0.48041272,22.1550001,0.006
MAC000193,10-03-2012,0.1385,0.3019375,1.281,48,0.357822873,14.493,0.008
MAC000193,11-03-2012,0.234,0.395562502,1.4680001,48,0.399933133,18.9870001,0.007
MAC000193,12-03-2012,0.063,0.291208333,1.39,48,0.382704873,13.978,0.006
MAC000193,13-03-2012,0.13,0.376895833,1.594,48,0.423097757,18.091,0.01
MAC000193,14-03-2012,0.0685,0.288083333,1.357,48,0.369264008,13.828,0.013
MAC000193,15-03-2012,0.072,0.323583333,1.221,48,0.37357433,15.532,0.012
MAC000193,16-03-2012,0.0775,0.371979165,1.308,48,0.411855812,17.8549999,0.019
MAC000193,17-03-2012,0.1595,0.330791667,1.052,48,0.314490602,15.878,0.005
MAC000193,18-03-2012,0.1965,0.363166665,1.2029999,48,0.367459898,17.4319999,0.006
MAC000193,19-03-2012,0.109,0.289604167,1.645,48,0.374387315,13.901,0.01
MAC000193,20-03-2012,0.108,0.3439375,1.125,48,0.376225736,16.509,0.001
MAC000193,21-03-2012,0.124,0.1684375,0.776,48,0.161786556,8.085,0.019
MAC000193,22-03-2012,0.068,0.187416667,1.415,48,0.257230407,8.996,0.022
MAC000193,23-03-2012,0.1055,0.220375,1.14,48,0.261337527,10.578,0.014
MAC000193,24-03-2012,0.134,0.393875,1.969,48,0.519792783,18.906,0.027
MAC000193,25-03-2012,0.192,0.327479167,1.7410001,48,0.425679732,15.719,0.03
MAC000193,26-03-2012,0.1155,0.1406875,0.548,48,0.123682014,6.753,0.023
MAC000193,27-03-2012,0.1345,0.19975,0.757,48,0.203177367,9.588,0.019
MAC000193,28-03-2012,0.0955,0.160666667,1.049,48,0.179286331,7.712,0.022
MAC000193,29-03-2012,0.123,0.209020833,1.335,48,0.241166446,10.033,0.024
MAC000193,30-03-2012,0.1575,0.322604167,1.847,48,0.460976011,15.485,0.024
MAC000193,31-03-2012,0.03,0.094770833,1.387,48,0.272515332,4.549,0.017
MAC000193,01-04-2012,0.031,0.0798125,0.426,48,0.107114108,3.831,0.01
MAC000193,02-04-2012,0.0995,0.161375,0.792,48,0.179138437,7.746,0.011
MAC000193,03-04-2012,0.1265,0.197604167,1.334,48,0.251951594,9.485,0.017
MAC000193,04-04-2012,0.106,0.137395833,0.599,48,0.130430831,6.595,0.012
MAC000193,05-04-2012,0.176,0.245,1.115,48,0.274545892,11.76,0.014
MAC000193,06-04-2012,0.0425,0.1523125,1.085,48,0.196266445,7.311,0.01
MAC000193,07-04-2012,0.066,0.177458333,1.165,48,0.219019377,8.518,0.004
MAC000193,08-04-2012,0.1795,0.244083331,1.689,48,0.356626313,11.7159999,0.007
MAC000193,09-04-2012,0.125,0.1908125,1.117,48,0.22746238,9.159,0.01
MAC000193,10-04-2012,0.06,0.1720625,1.306,48,0.234864416,8.259,0.016
MAC000193,11-04-2012,0.1035,0.199520833,1.057,48,0.244186273,9.577,0.012
MAC000193,12-04-2012,0.181,0.318833333,1.743,48,0.41822092,15.304,0.012
MAC000193,13-04-2012,0.079,0.178791667,0.831,48,0.181899664,8.582,0.009
MAC000193,14-04-2012,0.067,0.163395833,0.842,48,0.181021891,7.843,0.005
MAC000193,15-04-2012,0.102,0.197645833,1.813,48,0.299608574,9.487,0.012
MAC000193,16-04-2012,0.126,0.218708333,1.155,48,0.272386846,10.498,0.013
MAC000193,17-04-2012,0.1235,0.224999998,1.2589999,48,0.270669296,10.7999999,0.01
MAC000193,18-04-2012,0.0755,0.173458333,0.875,48,0.20230438,8.326,0
MAC000193,19-04-2012,0.0795,0.233979165,1.592,48,0.323118739,11.2309999,0.001
MAC000193,20-04-2012,0.105,0.172020833,0.75,48,0.170375491,8.257,0.02
MAC000193,21-04-2012,0.1195,0.167125,0.873,48,0.163602349,8.022,0.015
MAC000193,22-04-2012,0.16,0.222145833,1.147,48,0.242228395,10.663,0.015
MAC000193,23-04-2012,0.1435,0.201604165,1.3329999,48,0.23600808,9.6769999,0.015
MAC000193,24-04-2012,0.189,0.389479167,1.947,48,0.538320673,18.695,0.017
MAC000193,25-04-2012,0.2085,0.267,1.205,48,0.273268008,12.816,0.015
MAC000193,26-04-2012,0.19,0.222020833,1.411,48,0.284267816,10.657,0.018
MAC000193,27-04-2012,0.033,0.094291667,0.83,48,0.16111803,4.526,0.015
MAC000193,28-04-2012,0.0265,0.025645833,0.035,48,0.006999968,1.231,0.013
MAC000193,29-04-2012,0.0245,0.02325,0.033,48,0.007168192,1.116,0.011
MAC000193,30-04-2012,0.03,0.0709375,0.598,48,0.115954027,3.405,0.007
MAC000193,01-05-2012,0.119,0.193354167,1.013,48,0.248831182,9.281,0.018
MAC000193,02-05-2012,0.081,0.158916667,1.165,48,0.198100966,7.628,0.025
MAC000193,03-05-2012,0.1925,0.245458335,1.33,48,0.280714442,11.7820001,0.013
MAC000193,04-05-2012,0.146,0.1896875,1.14,48,0.230536392,9.105,0.013
MAC000193,05-05-2012,0.1365,0.161583333,0.555,48,0.140397889,7.756,0.016
MAC000193,06-05-2012,0.171,0.2396875,1.673,48,0.319361341,11.505,0.016
MAC000193,07-05-2012,0.0605,0.136458333,0.611,48,0.138873424,6.55,0.014
MAC000193,08-05-2012,0.123,0.215791667,1.377,48,0.271337111,10.358,0.021
MAC000193,09-05-2012,0.0515,0.152833333,1.126,48,0.202616957,7.336,0.022
MAC000193,10-05-2012,0.0645,0.176354167,1.072,48,0.212470022,8.465,0.023
MAC000193,11-05-2012,0.0575,0.138833333,1.138,48,0.197308521,6.664,0.021
MAC000193,12-05-2012,0.095,0.1414375,0.672,48,0.13953508,6.789,0.02
MAC000193,13-05-2012,0.1305,0.212979169,1.834,48,0.319616031,10.2230001,0.015
MAC000193,14-05-2012,0.0805,0.1748125,0.894,48,0.200451051,8.391,0.023
MAC000193,15-05-2012,0.1015,0.155833333,0.693,48,0.142631102,7.48,0.017
MAC000193,16-05-2012,0.0585,0.135375,0.829,48,0.155938562,6.498,0.013
MAC000193,17-05-2012,0.083,0.1739375,1.058,48,0.213705545,8.349,0.005
MAC000193,18-05-2012,0.074,0.170895833,0.863,48,0.1952354,8.203,0.011
MAC000193,19-05-2012,0.076,0.127895833,0.454,48,0.112778684,6.139,0.017
MAC000193,20-05-2012,0.1485,0.2215,1.425,48,0.300620988,10.632,0.019
MAC000193,21-05-2012,0.111,0.14225,0.62,48,0.125748567,6.828,0.018
MAC000193,22-05-2012,0.0645,0.169854169,1.105,48,0.236114296,8.1530001,0.009
MAC000193,23-05-2012,0.055,0.141166667,0.905,48,0.186205827,6.776,0.019
MAC000193,24-05-2012,0.0755,0.139999998,1.0779999,48,0.177878862,6.7199999,0.017
MAC000193,25-05-2012,0.0915,0.137583333,0.696,48,0.139603364,6.604,0.023
MAC000193,26-05-2012,0.0665,0.132270833,0.904,48,0.177908384,6.349,0.018
MAC000193,27-05-2012,0.064,0.111895833,0.541,48,0.108708519,5.371,0.018
MAC000193,28-05-2012,0.0975,0.1448125,0.817,48,0.159581855,6.951,0.014
MAC000193,29-05-2012,0.0935,0.290333333,1.762,48,0.455779824,13.936,0.014
MAC000193,30-05-2012,0.046,0.083333335,1.3940001,48,0.196084704,4.0000001,0.031
MAC000193,31-05-2012,0.0405,0.040604167,0.055,48,0.00879008,1.949,0.026
MAC000193,01-06-2012,0.041,0.076270833,0.508,48,0.098718111,3.661,0.028
MAC000193,02-06-2012,0.1985,0.357229169,1.735,48,0.493461476,17.1470001,0.03
MAC000193,03-06-2012,0.1585,0.1815,0.748,48,0.161614593,8.712,0.025
MAC000193,04-06-2012,0.102,0.142958333,0.921,48,0.176468906,6.862,0.021
MAC000193,05-06-2012,0.15,0.188875,1.396,48,0.223195709,9.066,0.019
MAC000193,06-06-2012,0.0805,0.205041671,1.1390001,48,0.288541389,9.8420002,0.031
MAC000193,07-06-2012,0.138,0.193958333,1.353,48,0.215168609,9.31,0.033
MAC000193,08-06-2012,0.066,0.1879375,1.026,48,0.238487825,9.021,0.028
MAC000193,09-06-2012,0.1275,0.154791667,0.618,48,0.131194019,7.43,0.033
MAC000193,10-06-2012,0.1255,0.194479167,1.322,48,0.24385983,9.335,0.026
MAC000193,11-06-2012,0.175,0.184250002,1.1670001,48,0.189798504,8.8440001,0.019
MAC000193,12-06-2012,0.064,0.238312502,1.516,48,0.336345646,11.4390001,0.018
MAC000193,13-06-2012,0.132,0.179916667,1.174,48,0.227828587,8.636,0.013
MAC000193,14-06-2012,0.149,0.183729167,0.946,48,0.185825787,8.819,0.021
MAC000193,15-06-2012,0.1385,0.159083333,0.915,48,0.155215956,7.636,0.024
MAC000193,16-06-2012,0.1695,0.1609375,0.556,48,0.122752719,7.725,0.023
MAC000193,17-06-2012,0.067,0.164520833,1.388,48,0.239857226,7.897,0.024
MAC000193,18-06-2012,0.112,0.140208333,0.63,48,0.111759041,6.73,0.023
MAC000193,19-06-2012,0.163,0.201354167,1.164,48,0.236480712,9.665,0.029
MAC000193,20-06-2012,0.0875,0.131375,1.071,48,0.160262766,6.306,0.028
MAC000193,21-06-2012,0.071,0.1783125,1.192,48,0.238816778,8.559,0.032
MAC000193,22-06-2012,0.13,0.153479167,0.619,48,0.125658942,7.367,0.03
MAC000193,23-06-2012,0.1245,0.175083333,1.449,48,0.22751365,8.404,0.027
MAC000193,24-06-2012,0.1215,0.202729167,1.209,48,0.278589131,9.731,0.026
MAC000193,25-06-2012,0.1245,0.159354167,1.126,48,0.181260772,7.649,0.029
MAC000193,26-06-2012,0.1025,0.167250002,1.4960001,48,0.230423351,8.0280001,0.028
MAC000193,27-06-2012,0.1305,0.134145833,0.506,48,0.096828427,6.439,0.03
MAC000193,28-06-2012,0.116,0.189854169,1.4170001,48,0.270565138,9.1130001,0.025
MAC000193,29-06-2012,0.0985,0.123145833,0.589,48,0.105364007,5.911,0.029
MAC000193,30-06-2012,0.1205,0.126541667,0.483,48,0.091546281,6.074,0.027
MAC000193,01-07-2012,0.065,0.174104165,1.418,48,0.299668407,8.3569999,0.015
MAC000193,02-07-2012,0.089,0.129708333,0.539,48,0.100702207,6.226,0.032
MAC000193,03-07-2012,0.092,0.175125,1.526,48,0.246199593,8.406,0.026
MAC000193,04-07-2012,0.069,0.162125,0.957,48,0.218195367,7.782,0.024
MAC000193,05-07-2012,0.0745,0.128020835,1.0470001,48,0.169698303,6.1450001,0.031
MAC000193,06-07-2012,0.0845,0.130354167,0.712,48,0.120978368,6.257,0.027
MAC000193,07-07-2012,0.088,0.140395833,0.678,48,0.127965378,6.739,0.027
MAC000193,08-07-2012,0.134,0.182583333,0.972,48,0.206317338,8.764,0.028
MAC000193,09-07-2012,0.0885,0.186916665,1.1289999,48,0.223202679,8.9719999,0.026
MAC000193,10-07-2012,0.0585,0.165333333,1.352,48,0.255913411,7.936,0.025
MAC000193,11-07-2012,0.085,0.150708333,1.405,48,0.206185102,7.234,0.027
MAC000193,12-07-2012,0.0685,0.134916667,0.673,48,0.152826119,6.476,0.022
MAC000193,13-07-2012,0.0715,0.151979167,1.052,48,0.197052265,7.295,0.024
MAC000193,14-07-2012,0.0585,0.1515,0.868,48,0.210003749,7.272,0.021
MAC000193,15-07-2012,0.095,0.192270833,1.086,48,0.263270005,9.229,0.019
MAC000193,16-07-2012,0.0855,0.157166667,0.784,48,0.176912087,7.544,0.018
MAC000193,17-07-2012,0.0565,0.109,1.177,48,0.168440027,5.232,0.015
MAC000193,18-07-2012,0.075,0.143041667,1.388,48,0.215363024,6.866,0.012
MAC000193,19-07-2012,0.078,0.163083333,1.044,48,0.242892309,7.828,0.015
MAC000193,20-07-2012,0.0775,0.154729167,0.736,48,0.176404364,7.427,0.032
MAC000193,21-07-2012,0.083,0.122354167,0.728,48,0.12104852,5.873,0.024
MAC000193,22-07-2012,0.112,0.322354165,2.0699999,48,0.503919882,15.4729999,0.022
MAC000193,23-07-2012,0.0995,0.168437504,1.2180001,48,0.231594666,8.0850002,0.026
MAC000193,24-07-2012,0.078,0.123791667,0.586,48,0.110654332,5.942,0.031
MAC000193,25-07-2012,0.0765,0.1549375,1.079,48,0.184053115,7.437,0.029
MAC000193,26-07-2012,0.0805,0.106958333,0.39,48,0.072352258,5.134,0.031
MAC000193,27-07-2012,0.106,0.185270833,0.852,48,0.18989972,8.893,0.022
MAC000193,28-07-2012,0.0755,0.110854167,0.549,48,0.095178889,5.321,0.021
MAC000193,29-07-2012,0.135,0.171958333,0.847,48,0.188592317,8.254,0.023
MAC000193,30-07-2012,0.133,0.143104167,0.563,48,0.120216337,6.869,0.016
MAC000193,31-07-2012,0.096,0.117520833,0.654,48,0.103477408,5.641,0.021
MAC000193,01-08-2012,0.1395,0.155625,0.588,48,0.126547212,7.47,0.027
MAC000193,02-08-2012,0.124,0.127020833,0.569,48,0.096491095,6.097,0.029
MAC000193,03-08-2012,0.141,0.2950625,2,48,0.48948494,14.163,0.024
MAC000193,04-08-2012,0.1145,0.134604167,0.48,48,0.101747234,6.461,0.028
MAC000193,05-08-2012,0.122,0.170750002,1.0420001,48,0.204257617,8.1960001,0.027
MAC000193,06-08-2012,0.0835,0.134104167,0.867,48,0.15145103,6.437,0.024
MAC000193,07-08-2012,0.0955,0.151229167,1.056,48,0.212448967,7.259,0.022
MAC000193,08-08-2012,0.058,0.139583331,1.0779999,48,0.198156691,6.6999999,0.019
MAC000193,09-08-2012,0.0675,0.119145833,0.639,48,0.113609445,5.719,0.023
MAC000193,10-08-2012,0.0655,0.119229167,0.731,48,0.134418248,5.723,0.03
MAC000193,11-08-2012,0.073,0.136916667,1.046,48,0.157534573,6.572,0.04
MAC000193,12-08-2012,0.1015,0.141020833,0.558,48,0.105601719,6.769,0.037
MAC000193,13-08-2012,0.081,0.1599375,0.893,48,0.19684408,7.677,0.033
MAC000193,14-08-2012,0.0735,0.137145833,1.007,48,0.168152032,6.583,0.023
MAC000193,15-08-2012,0.1115,0.147041667,0.954,48,0.15831694,7.058,0.032
MAC000193,16-08-2012,0.0705,0.1284375,0.663,48,0.124919192,6.165,0.028
MAC000193,17-08-2012,0.0535,0.084625,0.768,48,0.131704315,4.062,0.027
MAC000193,18-08-2012,0.0505,0.050916667,0.08,48,0.013529846,2.444,0.025
MAC000193,19-08-2012,0.056,0.05475,0.091,48,0.016816279,2.628,0.022
MAC000193,20-08-2012,0.0595,0.115208333,1.13,48,0.172307859,5.53,0.028
MAC000193,21-08-2012,0.0745,0.197270833,1.026,48,0.237742104,9.469,0.028
MAC000193,22-08-2012,0.083,0.153520833,0.913,48,0.159678532,7.369,0.019
MAC000193,23-08-2012,0.066,0.109791667,0.668,48,0.107068671,5.27,0.024
MAC000193,24-08-2012,0.072,0.11675,0.466,48,0.090879509,5.604,0.021
MAC000193,25-08-2012,0.0735,0.1215,0.634,48,0.110014699,5.832,0.026
MAC000193,26-08-2012,0.073,0.202958333,1.646,48,0.301949338,9.742,0.022
MAC000193,27-08-2012,0.0875,0.15375,0.938,48,0.170589279,7.38,0.032
MAC000193,28-08-2012,0.058,0.254791665,1.558,48,0.421746815,12.2299999,0.025
MAC000193,29-08-2012,0.079,0.177708333,0.935,48,0.189152979,8.53,0.029
MAC000193,30-08-2012,0.0665,0.127770833,0.743,48,0.14858227,6.133,0.02
MAC000193,31-08-2012,0.068,0.149625,1.109,48,0.189100404,7.182,0.014
MAC000193,01-09-2012,0.081,0.137979167,0.704,48,0.128910077,6.623,0.02
MAC000193,02-09-2012,0.1045,0.181229167,1.222,48,0.213793024,8.699,0.02
MAC000193,03-09-2012,0.067,0.134833333,0.859,48,0.1553314,6.472,0.023
MAC000193,04-09-2012,0.1055,0.147145833,0.614,48,0.123478311,7.063,0.027
MAC000193,05-09-2012,0.093,0.122979167,0.505,48,0.098775802,5.903,0.03
MAC000193,06-09-2012,0.0805,0.180854167,0.969,48,0.229978074,8.681,0.029
MAC000193,07-09-2012,0.0595,0.121208333,0.629,48,0.14146362,5.818,0.026
MAC000193,08-09-2012,0.0755,0.1426875,0.958,48,0.175172153,6.849,0.023
MAC000193,09-09-2012,0.072,0.146958333,1.421,48,0.212369706,7.054,0.021
MAC000193,10-09-2012,0.1035,0.162083333,0.743,48,0.158250788,7.78,0.025
MAC000193,11-09-2012,0.095,0.170041667,0.838,48,0.18978655,8.162,0.023
MAC000193,12-09-2012,0.081,0.1486875,1.119,48,0.172939684,7.137,0.021
MAC000193,13-09-2012,0.078,0.157104167,1.021,48,0.216440964,7.541,0.015
MAC000193,14-09-2012,0.069,0.161020833,1.067,48,0.225671432,7.729,0.013
MAC000193,15-09-2012,0.0605,0.145583333,1.075,48,0.178009064,6.988,0.011
MAC000193,16-09-2012,0.089,0.157041667,1.03,48,0.181694736,7.538,0.006
MAC000193,17-09-2012,0.0895,0.155354167,0.979,48,0.188028347,7.457,0.011
MAC000193,18-09-2012,0.06,0.148020833,1.235,48,0.216820594,7.105,0.006
MAC000193,19-09-2012,0.063,0.105104167,0.41,48,0.089390665,5.045,0.013
MAC000193,20-09-2012,0.0605,0.175916669,1.0650001,48,0.245500611,8.4440001,0.021
MAC000193,21-09-2012,0.0835,0.148541667,0.779,48,0.149172748,7.13,0.018
MAC000193,22-09-2012,0.1295,0.229541667,1.793,48,0.32888302,11.018,0.016
MAC000193,23-09-2012,0.1,0.180541669,1.4220001,48,0.238973789,8.6660001,0.016
MAC000193,24-09-2012,0.1045,0.165770833,0.953,48,0.183470125,7.957,0.021
MAC000193,25-09-2012,0.1115,0.220166665,1.165,48,0.27041373,10.5679999,0.023
MAC000193,26-09-2012,0.102,0.294625,1.852,48,0.47162321,14.142,0.028
MAC000193,27-09-2012,0.1375,0.199916667,1.179,48,0.225642801,9.596,0.023
MAC000193,28-09-2012,0.114,0.205416667,1.001,48,0.239719768,9.86,0.022
MAC000193,29-09-2012,0.076,0.164104167,0.774,48,0.170402307,7.877,0.023
MAC000193,30-09-2012,0.0785,0.205916667,1.541,48,0.293321248,9.884,0.018
MAC000193,01-10-2012,0.087,0.174708333,0.943,48,0.216217184,8.386,0.018
MAC000193,02-10-2012,0.099,0.2015625,1.16,48,0.258829929,9.675,0.019
MAC000193,03-10-2012,0.0715,0.148354167,0.698,48,0.14888486,7.121,0.022
MAC000193,04-10-2012,0.1035,0.204854167,0.927,48,0.232390811,9.833,0.014
MAC000193,05-10-2012,0.0705,0.157166667,0.772,48,0.169730993,7.544,0.014
MAC000193,06-10-2012,0.263,0.230229167,0.906,48,0.207983555,11.051,0.017
MAC000193,07-10-2012,0.2155,0.239791669,1.211,48,0.280386287,11.5100001,0.003
MAC000193,08-10-2012,0.239,0.2484375,0.88,48,0.239279762,11.925,0.009
MAC000193,09-10-2012,0.2075,0.324875,1.423,48,0.3345695,15.594,0.015
MAC000193,10-10-2012,0.2285,0.268604167,1.914,48,0.35373122,12.893,0.023
MAC000193,11-10-2012,0.2865,0.333229167,1.375,48,0.303233864,15.995,0.018
MAC000193,12-10-2012,0.0975,0.214458335,1.2640001,48,0.267260735,10.2940001,0.021
MAC000193,13-10-2012,0.3195,0.427458331,1.934,48,0.443190506,20.5179999,0.024
MAC000193,14-10-2012,0.237,0.409041667,2.319,48,0.575519006,19.634,0.024
MAC000193,15-10-2012,0.1735,0.257125,1.938,48,0.328377483,12.342,0.021
MAC000193,16-10-2012,0.2055,0.255020831,1.3559999,48,0.297127552,12.2409999,0.018
MAC000193,17-10-2012,0.2255,0.2606875,1.289,48,0.299615722,12.513,0.017
MAC000193,18-10-2012,0.143,0.337978721,1.796,47,0.486593142,15.8849999,0.027
MAC000193,19-10-2012,0.334,0.3209375,1.084,48,0.285138369,15.405,0.021
MAC000193,20-10-2012,0.1275,0.234270833,1.562,48,0.337736693,11.245,0.027
MAC000193,21-10-2012,0.29,0.517541669,2.6960001,48,0.689974473,24.8420001,0.023
MAC000193,22-10-2012,0.3155,0.2890625,1.42,48,0.253392674,13.875,0.035
MAC000193,23-10-2012,0.326,0.453020833,2.6210001,48,0.58185348,21.745,0.027
MAC000193,24-10-2012,0.242,0.232958333,0.957,48,0.182624246,11.182,0.029
MAC000193,25-10-2012,0.143,0.242020835,2.1140001,48,0.366217333,11.6170001,0.022
MAC000193,26-10-2012,0.206,0.230875,0.826,48,0.212144935,11.082,0.024
MAC000193,27-10-2012,0.0955,0.1929375,1.201,48,0.248232339,9.261,0.018
MAC000193,28-10-2012,0.276,0.431520831,2.503,48,0.643499899,20.7129999,0.013
MAC000193,29-10-2012,0.2835,0.409749996,2.5009999,48,0.572974847,19.6679998,0.028
MAC000193,30-10-2012,0.1775,0.292875002,2.2980001,48,0.423787624,14.0580001,0.024
MAC000193,31-10-2012,0.3135,0.302645833,1.069,48,0.246919273,14.527,0.017
MAC000193,01-11-2012,0.292,0.460395833,1.914,48,0.520345537,22.099,0.017
MAC000193,02-11-2012,0.323,0.371812502,1.9,48,0.355206308,17.8470001,0.024
MAC000193,03-11-2012,0.294,0.389166669,2.5840001,48,0.537520214,18.6800001,0.014
MAC000193,04-11-2012,0.266,0.3298125,1.6160001,48,0.399811749,15.831,0.014
MAC000193,05-11-2012,0.3305,0.4738125,2.711,48,0.622526549,22.743,0.014
MAC000193,06-11-2012,0.2775,0.2903125,1.533,48,0.315454428,13.935,0.017
MAC000193,07-11-2012,0.288,0.288354167,1.33,48,0.266760909,13.841,0.018
MAC000193,08-11-2012,0.313,0.377979167,1.424,48,0.363894566,18.143,0.014
MAC000193,09-11-2012,0.2275,0.248354167,1.358,48,0.248929494,11.921,0.016
MAC000193,10-11-2012,0.287,0.317958333,1.552,48,0.351279119,15.262,0.016
MAC000193,11-11-2012,0.314,0.372854167,2.1500001,48,0.439318867,17.897,0.031
MAC000193,12-11-2012,0.327,0.415895831,1.818,48,0.419408255,19.9629999,0.019
MAC000193,13-11-2012,0.289,0.273979167,1.248,48,0.263694334,13.151,0.021
MAC000193,14-11-2012,0.312,0.347083331,1.7869999,48,0.372526491,16.6599999,0.021
MAC000193,15-11-2012,0.245,0.319770833,1.418,48,0.318955359,15.349,0.019
MAC000193,16-11-2012,0.239,0.339104167,2.201,48,0.377986167,16.277,0.015
MAC000193,17-11-2012,0.2635,0.271333333,1.295,48,0.251392829,13.024,0.014
MAC000193,18-11-2012,0.285,0.369125002,1.95,48,0.446521581,17.7180001,0.012
MAC000193,19-11-2012,0.244,0.25025,1.267,48,0.285307113,12.012,0.016
MAC000193,20-11-2012,0.2395,0.334416669,1.804,48,0.394812316,16.0520001,0.012
MAC000193,21-11-2012,0.2485,0.263166665,1.053,48,0.23563705,12.6319999,0.014
MAC000193,22-11-2012,0.2205,0.2853125,1.877,48,0.36649543,13.695,0.015
MAC000193,23-11-2012,0.274,0.291229165,1.0599999,48,0.249756321,13.9789999,0.018
MAC000193,24-11-2012,0.256,0.337958333,1.191,48,0.342868125,16.222,0.015
MAC000193,25-11-2012,0.2745,0.320270835,2.2290001,48,0.369193309,15.3730001,0.012
MAC000193,26-11-2012,0.279,0.298916667,0.784,48,0.240964713,14.348,0.017
MAC000193,27-11-2012,0.262,0.337895833,1.607,48,0.328979999,16.219,0.018
MAC000193,28-11-2012,0.4655,0.385583333,1.1440001,48,0.31027509,18.508,0.015
MAC000193,29-11-2012,0.2575,0.3434375,1.281,48,0.328179693,16.485,0.018
MAC000193,30-11-2012,0.268,0.363833333,2.132,48,0.439228159,17.464,0.011
MAC000193,01-12-2012,0.243,0.320395831,1.521,48,0.373214993,15.3789999,0.013
MAC000193,02-12-2012,0.242,0.294145833,1.03,48,0.274219666,14.119,0.011
MAC000193,03-12-2012,0.272,0.3305625,1.358,48,0.334148579,15.867,0.008
MAC000193,04-12-2012,0.325,0.368333335,1.6950001,48,0.334885847,17.6800001,0.005
MAC000193,05-12-2012,0.267,0.363541669,1.92,48,0.426200534,17.4500001,0.01
MAC000193,06-12-2012,0.2765,0.3751875,0.957,48,0.326608338,18.009,0.01
MAC000193,07-12-2012,0.6485,0.827958335,2.4820001,48,0.678427717,39.7420001,0.012
MAC000193,08-12-2012,0.399,0.840562492,3.2049999,48,0.947693733,40.3469996,0.022
MAC000193,09-12-2012,0.354,0.784104167,4.5929999,48,1.017065934,37.637,0.02
MAC000193,10-12-2012,0.444,0.406625,1.495,48,0.362316814,19.518,0.011
MAC000193,11-12-2012,0.467,0.464979169,2.9430001,48,0.507887772,22.3190001,0.01
MAC000193,12-12-2012,0.477,0.434854167,1.448,48,0.36774598,20.873,0.007
MAC000193,13-12-2012,0.202,0.349541671,1.795,48,0.39080229,16.7780002,0.005
MAC000193,14-12-2012,0.296,0.439999998,1.4579999,48,0.398320191,21.1199999,0.005
MAC000193,15-12-2012,0.2775,0.320166665,1.0599999,48,0.281981987,15.3679999,0.012
MAC000193,16-12-2012,0.236,0.342812498,2.1429999,48,0.414838163,16.4549999,0.008
MAC000193,17-12-2012,0.236,0.3190625,1.548,48,0.370615096,15.315,0.01
MAC000193,18-12-2012,0.2255,0.325416665,2.141,48,0.420261507,15.6199999,0.009
MAC000193,19-12-2012,0.2675,0.309937502,1.2180001,48,0.318811723,14.8770001,0.005
MAC000193,20-12-2012,0.336,0.343541665,2.0969999,48,0.388443801,16.4899999,0.005
MAC000193,21-12-2012,0.2205,0.258,0.922,48,0.240582449,12.384,0.008
MAC000193,22-12-2012,0.2965,0.332958333,1.152,48,0.326601518,15.982,0.008
MAC000193,23-12-2012,0.2825,0.280916667,1.477,48,0.301631439,13.484,0.013
MAC000193,24-12-2012,0.302,0.325874998,1.8099999,48,0.333840736,15.6419999,0.01
MAC000193,25-12-2012,0.48,0.531166667,2.04,48,0.492154937,25.496,0.011
MAC000193,26-12-2012,0.258,0.412125002,1.302,48,0.390538891,19.7820001,0.014
MAC000193,27-12-2012,0.258,0.318812502,1.3200001,48,0.321398391,15.3030001,0.015
MAC000193,28-12-2012,0.257,0.3451875,1.178,48,0.350729068,16.569,0.009
MAC000193,29-12-2012,0.339,0.388791667,1.197,48,0.328016084,18.662,0.014
MAC000193,30-12-2012,0.283,0.400520833,1.723,48,0.418203503,19.225,0.011
MAC000193,31-12-2012,0.28,0.323958331,1.5829999,48,0.305445042,15.5499999,0.013
MAC000193,01-01-2013,0.3685,0.386645833,1.758,48,0.334655713,18.559,0.014
MAC000193,02-01-2013,0.2595,0.285020831,1.145,48,0.273477325,13.6809999,0.014
MAC000193,03-01-2013,0.2585,0.285645833,0.872,48,0.229034466,13.711,0.017
MAC000193,04-01-2013,0.2595,0.345395833,1.176,48,0.34059046,16.579,0.02
MAC000193,05-01-2013,0.269,0.250895833,0.752,48,0.198037632,12.043,0.018
MAC000193,06-01-2013,0.2555,0.33425,2.2,48,0.38471158,16.044,0.018
MAC000193,07-01-2013,0.2625,0.2909375,1.572,48,0.295226088,13.965,0.014
MAC000193,08-01-2013,0.202,0.2359375,1.242,48,0.260038083,11.325,0.02
MAC000193,09-01-2013,0.23,0.269541667,1.467,48,0.302109883,12.938,0.013
MAC000193,10-01-2013,0.265,0.296937498,1.4069999,48,0.26529031,14.2529999,0.02
MAC000193,11-01-2013,0.1055,0.209979169,1.2410001,48,0.260557879,10.0790001,0.019
MAC000193,12-01-2013,0.23,0.279895835,1.112,48,0.268092419,13.4350001,0.02
MAC000193,13-01-2013,0.2125,0.320979167,2.016,48,0.436207616,15.407,0.022
MAC000193,14-01-2013,0.237,0.306666667,1.434,48,0.319254873,14.72,0.019
MAC000193,15-01-2013,0.23,0.299854167,1.267,48,0.281547093,14.393,0.018
MAC000193,16-01-2013,0.2285,0.327708329,1.215,48,0.319993738,15.7299998,0.018
MAC000193,17-01-2013,0.2545,0.361979165,1.7819999,48,0.420545459,17.3749999,0.013
MAC000193,18-01-2013,0.1895,0.247604167,1.55,48,0.300602639,11.885,0.017
MAC000193,19-01-2013,0.2395,0.452166669,1.692,48,0.510935373,21.7040001,0.007
MAC000193,20-01-2013,0.1825,0.297395833,1.492,48,0.377453322,14.275,0.015
MAC000193,21-01-2013,0.2335,0.315854167,1.29,48,0.317180061,15.161,0.015
MAC000193,22-01-2013,0.3965,0.393083331,1.127,48,0.326380458,18.8679999,0.015
MAC000193,23-01-2013,0.2205,0.312229167,1.194,48,0.336940063,14.987,0.014
MAC000193,24-01-2013,0.181,0.343229165,1.734,48,0.436655914,16.4749999,0.022
MAC000193,25-01-2013,0.229,0.326791667,1.364,48,0.34944716,15.686,0.017
MAC000193,26-01-2013,0.209,0.277395833,1.531,48,0.328161918,13.315,0.025
MAC000193,27-01-2013,0.1865,0.282041665,1.26,48,0.320110943,13.5379999,0.017
MAC000193,28-01-2013,0.2125,0.342458329,1.0319999,48,0.338646167,16.4379998,0.018
MAC000193,29-01-2013,0.147,0.431979171,3.1170001,48,0.68237096,20.7350002,0.02
MAC000193,30-01-2013,0.19,0.292541667,1.388,48,0.326745327,14.042,0.02
MAC000193,31-01-2013,0.2105,0.3015,1.342,48,0.303069475,14.472,0.017
MAC000193,01-02-2013,0.1865,0.250354167,0.957,48,0.263975941,12.017,0.017
MAC000193,02-02-2013,0.1985,0.3163125,1.913,48,0.371441823,15.183,0.017
MAC000193,03-02-2013,0.1665,0.257104167,1.92,48,0.345225196,12.341,0.008
MAC000193,04-02-2013,0.183,0.2840625,1.786,48,0.350644477,13.635,0.019
MAC000193,05-02-2013,0.193,0.272645831,1.0829999,48,0.277299317,13.0869999,0.019
MAC000193,06-02-2013,0.1935,0.288020835,1.3660001,48,0.283739137,13.8250001,0.013
MAC000193,07-02-2013,0.3205,0.368291665,1.5369999,48,0.359463421,17.6779999,0.011
MAC000193,08-02-2013,0.1895,0.247166667,1.33,48,0.288876793,11.864,0.015
MAC000193,09-02-2013,0.132,0.1890625,0.768,48,0.209438703,9.075,0.005
MAC000193,10-02-2013,0.205,0.380229167,2.0739999,48,0.460675786,18.251,0.006
MAC000193,11-02-2013,0.186,0.281145833,1.212,48,0.289376879,13.495,0.007
MAC000193,12-02-2013,0.189,0.336895833,1.854,48,0.432028232,16.171,0.005
MAC000193,13-02-2013,0.173,0.268020835,1.614,48,0.361116921,12.8650001,0.011
MAC000193,14-02-2013,0.22,0.336041669,2.0510001,48,0.376909275,16.1300001,0.005
MAC000193,15-02-2013,0.192,0.2214375,1.071,48,0.223962564,10.629,0.003
MAC000193,16-02-2013,0.174,0.205125,0.796,48,0.208056623,9.846,0.001
MAC000193,17-02-2013,0.196,0.301020835,2.3610001,48,0.437250437,14.4490001,0.019
MAC000193,18-02-2013,0.1875,0.220520833,0.819,48,0.206726254,10.585,0.006
MAC000193,19-02-2013,0.1595,0.262041667,2.125,48,0.382820271,12.578,0.001
MAC000193,20-02-2013,0.1425,0.3006875,1.6339999,48,0.344040208,14.433,0.001
MAC000193,21-02-2013,0.1805,0.291416667,1.321,48,0.330202442,13.988,0
MAC000193,22-02-2013,0.204,0.318229165,1.8789999,48,0.346947116,15.2749999,0.001
MAC000193,23-02-2013,0.1805,0.26525,1.36,48,0.287580997,12.732,0
MAC000193,24-02-2013,0.172,0.285395833,1.737,48,0.367853448,13.699,0
MAC000193,25-02-2013,0.1965,0.281020833,1.076,48,0.287739354,13.489,0.001
MAC000193,26-02-2013,0.08,0.153395833,0.994,48,0.213282027,7.363,0.003
MAC000193,27-02-2013,0.146,0.226083333,1.39,48,0.264194789,10.852,0
MAC000193,28-02-2013,0.165,0.233708333,1.679,48,0.324548784,11.218,0.003
MAC000193,01-03-2013,0.419,0.504520831,1.67,48,0.491130303,24.2169999,0
MAC000193,02-03-2013,0.1825,0.496791665,3.2149999,48,0.785210818,23.8459999,0.007
MAC000193,03-03-2013,0.3235,0.616937496,2.905,48,0.734460063,29.6129998,0.006
MAC000193,04-03-2013,0.1805,0.257291667,1.192,48,0.282716756,12.35,0.003
MAC000193,05-03-2013,0.213,0.280333333,1.109,48,0.268125196,13.456,0.003
MAC000193,06-03-2013,0.192,0.28875,1.483,48,0.318290012,13.86,0.008
MAC000193,07-03-2013,0.2025,0.281291667,1.063,48,0.27479191,13.502,0.008
MAC000193,08-03-2013,0.176,0.279583335,1.4400001,48,0.334340185,13.4200001,0.013
MAC000193,09-03-2013,0.1565,0.22725,1.087,48,0.240840594,10.908,0.001
MAC000193,10-03-2013,0.2545,0.381416665,1.887,48,0.442180129,18.3079999,0.001
MAC000193,11-03-2013,0.1775,0.3219375,1.387,48,0.366674788,15.453,0.001
MAC000193,12-03-2013,0.185,0.330062502,1.3660001,48,0.37749085,15.8430001,0
MAC000193,13-03-2013,0.1655,0.300791667,1.597,48,0.367939632,14.438,0
MAC000193,14-03-2013,0.1925,0.218458333,0.854,48,0.230798794,10.486,0
MAC000193,15-03-2013,0.201,0.348145831,2.3099999,48,0.447214823,16.7109999,0.008
MAC000193,16-03-2013,0.185,0.291625,1.467,48,0.32353576,13.998,0
MAC000193,17-03-2013,0.1515,0.380291669,2.4030001,48,0.609470302,18.2540001,0.003
MAC000193,18-03-2013,0.2215,0.312958335,1.408,48,0.313439942,15.0220001,0.01
MAC000193,19-03-2013,0.1925,0.405041665,1.87,48,0.467819381,19.4419999,0.001
MAC000193,20-03-2013,0.1485,0.201125,1.035,48,0.232966405,9.654,0.004
MAC000193,21-03-2013,0.115,0.170645833,1.484,48,0.260059117,8.191,0
MAC000193,22-03-2013,0.229,0.335145833,1.357,48,0.329278708,16.087,0
MAC000193,23-03-2013,0.1615,0.212062498,1.1799999,48,0.233562449,10.1789999,0
MAC000193,24-03-2013,0.1925,0.346854167,1.775,48,0.419960484,16.649,0.002
MAC000193,25-03-2013,0.1885,0.396000002,2.4430001,48,0.538553035,19.0080001,0.004
MAC000193,26-03-2013,0.186,0.309833333,1.487,48,0.370093394,14.872,0.001
MAC000193,27-03-2013,0.1805,0.333916671,1.5190001,48,0.395720621,16.0280002,0
MAC000193,28-03-2013,0.154,0.269291667,1.362,48,0.318460256,12.926,0
MAC000193,29-03-2013,0.1135,0.1868125,1.154,48,0.24191177,8.967,0.007
MAC000193,30-03-2013,0.132,0.190645833,1.252,48,0.255179744,9.151,0.011
MAC000193,31-03-2013,0.2005,0.361125,1.694,48,0.416101493,17.334,0.001
MAC000193,01-04-2013,0.1155,0.205479163,1.2539999,48,0.285471524,9.8629998,0.001
MAC000193,02-04-2013,0.1815,0.288958333,1.148,48,0.304986219,13.87,0.014
MAC000193,03-04-2013,0.159,0.368291665,2.2639999,48,0.491640148,17.6779999,0.001
MAC000193,04-04-2013,0.1295,0.219895833,1.404,48,0.268414433,10.555,0
MAC000193,05-04-2013,0.146,0.2509375,1.189,48,0.286959364,12.045,0
MAC000193,06-04-2013,0.147,0.197583331,1.0039999,48,0.202487694,9.4839999,0.001
MAC000193,07-04-2013,0.3185,0.328895835,1.136,48,0.332267087,15.7870001,0.006
MAC000193,08-04-2013,0.116,0.1736875,0.922,48,0.203831925,8.337,0
MAC000193,09-04-2013,0.1755,0.22225,1.224,48,0.253335914,10.668,0.005
MAC000193,10-04-2013,0.101,0.206937502,1.7690001,48,0.300868782,9.9330001,0.001
MAC000193,11-04-2013,0.147,0.250270833,1.359,48,0.307393831,12.013,0.001
MAC000193,12-04-2013,0.137,0.2050625,1.204,48,0.257511529,9.843,0.005
MAC000193,13-04-2013,0.1385,0.159375,0.618,48,0.139746522,7.65,0.004
MAC000193,14-04-2013,0.0715,0.172104167,1.527,48,0.256446854,8.261,0.007
MAC000193,15-04-2013,0.085,0.129791667,0.49,48,0.121571441,6.23,0.011
MAC000193,16-04-2013,0.1915,0.444270842,2.1960001,48,0.629404156,21.3250004,0.008
MAC000193,17-04-2013,0.152,0.2323125,1.063,48,0.258882719,11.151,0.012
MAC000193,18-04-2013,0.1315,0.189625,0.768,48,0.183290796,9.102,0.005
MAC000193,19-04-2013,0.018,0.127020833,1.755,48,0.357358065,6.097,0.001
MAC000193,20-04-2013,0.0165,0.012645833,0.02,48,0.00697561,0.607,0
MAC000193,21-04-2013,0.014,0.012708333,0.02,48,0.00656541,0.61,0
MAC000193,22-04-2013,0.0185,0.0835625,0.577,48,0.143863101,4.011,0
MAC000193,23-04-2013,0.0855,0.161958333,1.421,48,0.219498554,7.774,0.03
MAC000193,24-04-2013,0.086,0.172041667,0.885,48,0.196165471,8.258,0.022
MAC000193,25-04-2013,0.064,0.122125,0.918,48,0.152878428,5.862,0.023
MAC000193,26-04-2013,0.0885,0.141270833,0.62,48,0.132614902,6.781,0.024
MAC000193,27-04-2013,0.1615,0.207020833,0.795,48,0.189225126,9.937,0.016
MAC000193,28-04-2013,0.128,0.220083333,1.982,48,0.34384174,10.564,0.009
MAC000193,29-04-2013,0.129,0.196895833,1.179,48,0.251292848,9.451,0.011
MAC000193,30-04-2013,0.124,0.192854167,0.82,48,0.201207735,9.257,0.019
MAC000193,01-05-2013,0.078,0.196479167,1.358,48,0.266774348,9.431,0.006
MAC000193,02-05-2013,0.131,0.198229171,1.3890001,48,0.282962252,9.5150002,0.006
MAC000193,03-05-2013,0.1015,0.1494375,0.616,48,0.152910891,7.173,0.008
MAC000193,04-05-2013,0.132,0.17425,0.799,48,0.178673659,8.364,0.022
MAC000193,05-05-2013,0.1255,0.158770833,1,48,0.206138483,7.621,0.018
MAC000193,06-05-2013,0.0855,0.1378125,0.47,48,0.119962344,6.615,0.016
MAC000193,07-05-2013,0.0745,0.125333333,0.919,48,0.14800968,6.016,0.013
MAC000193,08-05-2013,0.1175,0.1324375,0.74,48,0.130129053,6.357,0.016
MAC000193,09-05-2013,0.0475,0.119125,0.746,48,0.139109115,5.718,0.015
MAC000193,10-05-2013,0.0815,0.175416667,0.978,48,0.204072769,8.42,0.012
MAC000193,11-05-2013,0.114,0.186916667,1.073,48,0.211602581,8.972,0.006
MAC000193,12-05-2013,0.108,0.204041667,1.225,48,0.245821502,9.794,0.006
MAC000193,13-05-2013,0.1135,0.1646875,0.934,48,0.190666932,7.905,0.004
MAC000193,14-05-2013,0.119,0.182979169,1.0470001,48,0.212115943,8.7830001,0.008
MAC000193,15-05-2013,0.1505,0.210291667,1.041,48,0.217223579,10.094,0.011
MAC000193,16-05-2013,0.114,0.1901875,1.426,48,0.271885509,9.129,0.004
MAC000193,17-05-2013,0.123,0.251479169,1.351,48,0.319506606,12.0710001,0.004
MAC000193,18-05-2013,0.1405,0.18475,1.197,48,0.206498416,8.868,0.007
MAC000193,19-05-2013,0.148,0.213333333,1.83,48,0.299068222,10.24,0.006
MAC000193,20-05-2013,0.1345,0.238708333,0.925,48,0.259684502,11.458,0.006
MAC000193,21-05-2013,0.114,0.156729167,0.892,48,0.17017022,7.523,0.015
MAC000193,22-05-2013,0.1255,0.209041667,1.546,48,0.284824616,10.034,0.003
MAC000193,23-05-2013,0.122,0.209770833,0.946,48,0.238273242,10.069,0.003
MAC000193,24-05-2013,0.1465,0.20425,0.755,48,0.200567015,9.804,0.001
MAC000193,25-05-2013,0.055,0.156208333,1.109,48,0.210131059,7.498,0.008
MAC000193,26-05-2013,0.0675,0.132083333,1.077,48,0.170654664,6.34,0.001
MAC000193,27-05-2013,0.127,0.211958333,1.586,48,0.301871394,10.174,0.006
MAC000193,28-05-2013,0.128,0.164583333,1.068,48,0.186450933,7.9,0.006
MAC000193,29-05-2013,0.157,0.398854169,2.5320001,48,0.618944544,19.1450001,0.01
MAC000193,30-05-2013,0.1235,0.154979167,0.453,48,0.129111611,7.439,0.005
MAC000193,31-05-2013,0.0945,0.1591875,0.743,48,0.177797956,7.641,0.005
MAC000193,01-06-2013,0.049,0.1924375,0.885,48,0.225078417,9.237,0.006
MAC000193,02-06-2013,0.0705,0.104229167,0.601,48,0.108113069,5.003,0.008
MAC000193,03-06-2013,0.0595,0.146270833,1.531,48,0.255785377,7.021,0.005
MAC000193,04-06-2013,0.091,0.134895833,0.717,48,0.143348592,6.475,0.008
MAC000193,05-06-2013,0.077,0.114770833,0.582,48,0.112090814,5.509,0.007
MAC000193,06-06-2013,0.047,0.105354167,0.523,48,0.121015295,5.057,0.011
MAC000193,07-06-2013,0.11,0.115145833,0.476,48,0.089322983,5.527,0.006
MAC000193,08-06-2013,0.0575,0.110708333,0.662,48,0.142329249,5.314,0.006
MAC000193,09-06-2013,0.085,0.11025,0.765,48,0.1180794,5.292,0.009
MAC000193,10-06-2013,0.073,0.1331875,0.937,48,0.164473713,6.393,0.002
MAC000193,11-06-2013,0.0985,0.132625,0.535,48,0.121252967,6.366,0.013
MAC000193,12-06-2013,0.193,0.327354169,2.293,48,0.497799781,15.7130001,0.005
MAC000193,13-06-2013,0.0965,0.1135,0.442,48,0.100865404,5.448,0.006
MAC000193,14-06-2013,0.079,0.135229165,1.0039999,48,0.164126982,6.4909999,0.003
MAC000193,15-06-2013,0.12,0.138083333,0.572,48,0.13281964,6.628,0.011
MAC000193,16-06-2013,0.065,0.132104167,2.006,48,0.2863285,6.341,0.009
MAC000193,17-06-2013,0.0535,0.116604167,0.587,48,0.130239671,5.597,0.014
MAC000193,18-06-2013,0.077,0.133125,0.686,48,0.146233073,6.39,0.012
MAC000193,19-06-2013,0.081,0.1260625,0.594,48,0.128560013,6.051,0.01
MAC000193,20-06-2013,0.1075,0.12625,0.463,48,0.09345166,6.06,0.009
MAC000193,21-06-2013,0.0605,0.129375,1.277,48,0.205620351,6.21,0.009
MAC000193,22-06-2013,0.0725,0.107833333,0.39,48,0.097237225,5.176,0.009
MAC000193,23-06-2013,0.0925,0.134270833,0.627,48,0.131404158,6.445,0.015
MAC000193,24-06-2013,0.113,0.131791667,0.584,48,0.111936904,6.326,0.012
MAC000193,25-06-2013,0.0765,0.102520833,0.49,48,0.088515653,4.921,0.007
MAC000193,26-06-2013,0.1285,0.15575,0.841,48,0.163739219,7.476,0.006
MAC000193,27-06-2013,0.094,0.135375002,1.1720001,48,0.182871624,6.4980001,0.007
MAC000193,28-06-2013,0.1205,0.140125,0.642,48,0.134445057,6.726,0.008
MAC000193,29-06-2013,0.111,0.127229167,0.39,48,0.095962368,6.107,0.007
MAC000193,30-06-2013,0.0905,0.125520833,0.708,48,0.137451576,6.025,0.004
MAC000193,01-07-2013,0.1015,0.108083333,0.355,48,0.076816397,5.188,0.023
MAC000193,02-07-2013,0.1775,0.316250002,1.752,48,0.447275422,15.1800001,0.004
MAC000193,03-07-2013,0.083,0.141083333,1.048,48,0.175907233,6.772,0.004
MAC000193,04-07-2013,0.079,0.1035,0.443,48,0.086719406,4.968,0.007
MAC000193,05-07-2013,0.1055,0.1336875,0.554,48,0.110354199,6.417,0.004
MAC000193,06-07-2013,0.074,0.1103125,0.547,48,0.099927667,5.295,0.026
MAC000193,07-07-2013,0.0855,0.1274375,1.201,48,0.166982979,6.117,0.039
MAC000193,08-07-2013,0.061,0.1429375,1.238,48,0.219292228,6.861,0.034
MAC000193,09-07-2013,0.0915,0.103729167,0.259,48,0.060487291,4.979,0.031
MAC000193,10-07-2013,0.081,0.09725,0.274,48,0.057409503,4.668,0.032
MAC000193,11-07-2013,0.0985,0.185187502,1.4910001,48,0.265808985,8.8890001,0.026
MAC000193,12-07-2013,0.0765,0.108041667,0.488,48,0.085434548,5.186,0.027
MAC000193,13-07-2013,0.0635,0.084729167,0.237,48,0.051606011,4.067,0.024
MAC000193,14-07-2013,0.0675,0.114625,0.499,48,0.104642171,5.502,0.032
MAC000193,15-07-2013,0.0805,0.120875,0.519,48,0.093000486,5.802,0.035
MAC000193,16-07-2013,0.0975,0.133145833,0.601,48,0.111939001,6.391,0.032
MAC000193,17-07-2013,0.0945,0.115979167,0.349,48,0.070745119,5.567,0.027
MAC000193,18-07-2013,0.0985,0.138645833,0.634,48,0.109318681,6.655,0.029
MAC000193,19-07-2013,0.1085,0.134458333,0.527,48,0.092133335,6.454,0.03
MAC000193,20-07-2013,0.08,0.115479167,0.498,48,0.088966164,5.543,0.034
MAC000193,21-07-2013,0.0865,0.1204375,0.551,48,0.093938392,5.781,0.024
MAC000193,22-07-2013,0.102,0.173958333,1.807,48,0.271400384,8.35,0.024
MAC000193,23-07-2013,0.1185,0.143770833,0.482,48,0.083434581,6.901,0.041
MAC000193,24-07-2013,0.1065,0.167895833,0.681,48,0.149438558,8.059,0.019
MAC000193,25-07-2013,0.1015,0.152583333,1.201,48,0.221893671,7.324,0.024
MAC000193,26-07-2013,0.1105,0.1324375,0.761,48,0.128879443,6.357,0.016
MAC000193,27-07-2013,0.1075,0.127625,0.369,48,0.084674502,6.126,0.008
MAC000193,28-07-2013,0.084,0.141791667,1.165,48,0.18246095,6.806,0.027
MAC000193,29-07-2013,0.0625,0.1359375,0.816,48,0.155149812,6.525,0.027
MAC000193,30-07-2013,0.0745,0.100333333,0.441,48,0.078658793,4.816,0.029
MAC000193,31-07-2013,0.0835,0.159854167,1.196,48,0.199098927,7.673,0.026
MAC000193,01-08-2013,0.075,0.100875,0.534,48,0.085763312,4.842,0.021
MAC000193,02-08-2013,0.0745,0.1534375,1.425,48,0.263432732,7.365,0.026
MAC000193,03-08-2013,0.0745,0.137458333,1.126,48,0.191685021,6.598,0.024
MAC000193,04-08-2013,0.0655,0.106854167,0.415,48,0.089534491,5.129,0.025
MAC000193,05-08-2013,0.132,0.15125,0.535,48,0.118387661,7.26,0.028
MAC000193,06-08-2013,0.0845,0.142458333,0.967,48,0.185286777,6.838,0.017
MAC000193,07-08-2013,0.065,0.100479167,0.428,48,0.084631112,4.823,0.02
MAC000193,08-08-2013,0.073,0.172166665,1.8329999,48,0.301124641,8.2639999,0.029
MAC000193,09-08-2013,0.077,0.103333333,0.459,48,0.080873248,4.96,0.018
MAC000193,10-08-2013,0.055,0.105979167,0.728,48,0.136698533,5.087,0.019
MAC000193,11-08-2013,0.0895,0.156791667,1.085,48,0.196733101,7.526,0.022
MAC000193,12-08-2013,0.0845,0.143291667,0.894,48,0.172883426,6.878,0.021
MAC000193,13-08-2013,0.0965,0.142041667,1.247,48,0.193505067,6.818,0.021
MAC000193,14-08-2013,0.057,0.10625,0.677,48,0.116111557,5.1,0.01
MAC000193,15-08-2013,0.053,0.145687502,1.4170001,48,0.228985857,6.9930001,0.02
MAC000193,16-08-2013,0.0665,0.115583333,0.576,48,0.11142822,5.548,0.019
MAC000193,17-08-2013,0.0775,0.13325,0.858,48,0.153411767,6.396,0.02
MAC000193,18-08-2013,0.092,0.140208333,0.917,48,0.15804335,6.73,0.022
MAC000193,19-08-2013,0.059,0.127666667,1.035,48,0.203476522,6.128,0.02
MAC000193,20-08-2013,0.0725,0.171270833,1.761,48,0.287823804,8.221,0.003
MAC000193,21-08-2013,0.051,0.111375,1.053,48,0.163233109,5.346,0.01
MAC000193,22-08-2013,0.096,0.1849375,1.284,48,0.241870935,8.877,0.012
MAC000193,23-08-2013,0.1065,0.136,0.996,48,0.156921447,6.528,0.001
MAC000193,24-08-2013,0.068,0.128354167,0.507,48,0.114320656,6.161,0.02
MAC000193,25-08-2013,0.074,0.130416667,0.708,48,0.149142205,6.26,0.009
MAC000193,26-08-2013,0.068,0.1294375,0.726,48,0.152262917,6.213,0.018
MAC000193,27-08-2013,0.0615,0.13425,1.082,48,0.208978824,6.444,0.019
MAC000193,28-08-2013,0.059,0.111895833,0.554,48,0.125618341,5.371,0.02
MAC000193,29-08-2013,0.079,0.166479167,1.17,48,0.218370268,7.991,0.016
MAC000193,30-08-2013,0.072,0.1131875,0.584,48,0.103447932,5.433,0.024
MAC000193,31-08-2013,0.064,0.1230625,0.695,48,0.150292538,5.907,0.019
MAC000193,01-09-2013,0.0655,0.13325,0.598,48,0.143942882,6.396,0.014
MAC000193,02-09-2013,0.0605,0.127395833,1.24,48,0.196684296,6.115,0.016
MAC000193,03-09-2013,0.1105,0.1755,1.075,48,0.212310692,8.424,0.015
MAC000193,04-09-2013,0.0635,0.125708333,0.533,48,0.122231548,6.034,0.017
MAC000193,05-09-2013,0.0635,0.147895833,1.562,48,0.246592544,7.099,0.015
MAC000193,06-09-2013,0.115,0.1660625,0.579,48,0.155305794,7.971,0.018
MAC000193,07-09-2013,0.134,0.228979169,1.245,48,0.278382912,10.9910001,0.018
MAC000193,08-09-2013,0.095,0.1896875,1.618,48,0.29266793,9.105,0.013
MAC000193,09-09-2013,0.075,0.140333333,0.911,48,0.165711533,6.736,0.008
MAC000193,10-09-2013,0.0525,0.174583335,1.2690001,48,0.229123394,8.3800001,0.007
MAC000193,11-09-2013,0.0855,0.146541667,0.673,48,0.162506165,7.034,0.01
MAC000193,12-09-2013,0.0815,0.136,1.295,48,0.192183091,6.528,0.013
MAC000193,13-09-2013,0.1555,0.158833333,0.763,48,0.13892495,7.624,0.011
MAC000193,14-09-2013,0.0785,0.145833333,1.223,48,0.204147457,7,0.01
MAC000193,15-09-2013,0.0915,0.174520833,1.002,48,0.206414269,8.377,0.011
MAC000193,16-09-2013,0.2015,0.240083333,0.971,48,0.244518966,11.524,0.008
MAC000193,17-09-2013,0.086,0.182666667,1.295,48,0.250297723,8.768,0.006
MAC000193,18-09-2013,0.073,0.122395833,0.697,48,0.137500598,5.875,0.005
MAC000193,19-09-2013,0.168,0.225166667,1.059,48,0.226825581,10.808,0.007
MAC000193,20-09-2013,0.107,0.20225,1.535,48,0.297025645,9.708,0.008
MAC000193,21-09-2013,0.0455,0.178166667,1.895,48,0.335046858,8.552,0.006
MAC000193,22-09-2013,0.0795,0.119541667,0.577,48,0.113434761,5.738,0.008
MAC000193,23-09-2013,0.151,0.192708333,0.838,48,0.19532177,9.25,0.01
MAC000193,24-09-2013,0.0705,0.1234375,0.632,48,0.121535724,5.925,0.009
MAC000193,25-09-2013,0.0725,0.141979167,0.773,48,0.160727798,6.815,0.008
MAC000193,26-09-2013,0.088,0.163770833,1.17,48,0.210990192,7.861,0.011
MAC000193,27-09-2013,0.057,0.155041669,1.4960001,48,0.279550025,7.4420001,0.008
MAC000193,28-09-2013,0.094,0.166208333,0.831,48,0.17965676,7.978,0.01
MAC000193,29-09-2013,0.0645,0.160520833,1.084,48,0.220827167,7.705,0.007
MAC000193,30-09-2013,0.063,0.1273125,0.738,48,0.150191531,6.111,0.012
MAC000193,01-10-2013,0.109,0.16025,1.091,48,0.196363265,7.692,0.012
MAC000193,02-10-2013,0.091,0.163791667,1.72,48,0.288235864,7.862,0.011
MAC000193,03-10-2013,0.0985,0.150125,0.784,48,0.170660373,7.206,0.007
MAC000193,04-10-2013,0.101,0.314458331,2.4679999,48,0.544798489,15.0939999,0.008
MAC000193,05-10-2013,0.016,0.066229167,1.046,48,0.16620946,3.179,0.006
MAC000193,06-10-2013,0.015,0.012958333,0.016,48,0.003401866,0.622,0.006
MAC000193,07-10-2013,0.0145,0.012333333,0.016,48,0.003680503,0.592,0.005
MAC000193,08-10-2013,0.015,0.013020833,0.016,48,0.003491568,0.625,0.005
MAC000193,09-10-2013,0.016,0.116625,0.693,48,0.195034053,5.598,0.006
MAC000193,10-10-2013,0.1495,0.176479167,0.691,48,0.157648409,8.471,0.019
MAC000193,11-10-2013,0.166,0.202875,1.108,48,0.235074513,9.738,0.015
MAC000193,12-10-2013,0.052,0.155395835,1.3660001,48,0.224738511,7.4590001,0.011
MAC000193,13-10-2013,0.1485,0.268041667,1.277,48,0.311396303,12.866,0.017
MAC000193,14-10-2013,0.165,0.223895833,0.943,48,0.2127327,10.747,0.018
MAC000193,15-10-2013,0.06,0.143666667,1.067,48,0.216977431,6.896,0.013
MAC000193,16-10-2013,0.127,0.160270833,0.929,48,0.185634477,7.693,0.013
MAC000193,17-10-2013,0.088,0.17075,1.124,48,0.212997503,8.196,0.012
MAC000193,18-10-2013,0.071,0.151625,1.456,48,0.233030965,7.278,0.016
MAC000193,19-10-2013,0.0675,0.176125002,1.6440001,48,0.303512191,8.4540001,0.014
MAC000193,20-10-2013,0.082,0.147833335,1.1390001,48,0.198798137,7.0960001,0.018
MAC000193,21-10-2013,0.0775,0.126104167,0.67,48,0.13053413,6.053,0.014
MAC000193,22-10-2013,0.116,0.140583333,0.461,48,0.120217681,6.748,0.019
MAC000193,23-10-2013,0.1195,0.2255625,2.256,48,0.380572464,10.827,0.02
MAC000193,24-10-2013,0.1395,0.199583333,1.566,48,0.285157354,9.58,0.011
MAC000193,25-10-2013,0.0905,0.173416667,1.569,48,0.27125044,8.324,0.019
MAC000193,26-10-2013,0.08,0.142229167,1.291,48,0.195252944,6.827,0.007
MAC000193,27-10-2013,0.1635,0.231729169,1.5930001,48,0.304395521,11.1230001,0.005
MAC000193,28-10-2013,0.0955,0.165333333,1.464,48,0.241231445,7.936,0.015
MAC000193,29-10-2013,0.115,0.216041665,2.1459999,48,0.356115255,10.3699999,0.014
MAC000193,30-10-2013,0.1145,0.225354165,1.5549999,48,0.310627598,10.8169999,0.007
MAC000193,31-10-2013,0.092,0.161854167,0.685,48,0.172172105,7.769,0.012
MAC000193,01-11-2013,0.0775,0.238687502,1.598,48,0.356341233,11.4570001,0.011
MAC000193,02-11-2013,0.1065,0.166395833,0.746,48,0.167452342,7.987,0.014
MAC000193,03-11-2013,0.14,0.174979167,0.917,48,0.209038782,8.399,0.004
MAC000193,04-11-2013,0.148,0.250958335,2.9630001,48,0.492966238,12.0460001,0.01
MAC000193,05-11-2013,0.161,0.277104167,2.25,48,0.404498126,13.301,0.006
MAC000193,06-11-2013,0.1845,0.237083333,0.961,48,0.226956724,11.38,0.001
MAC000193,07-11-2013,0.167,0.205875,1.02,48,0.205755238,9.882,0.014
MAC000193,08-11-2013,0.169,0.269583335,2.0250001,48,0.423779349,12.9400001,0.001
MAC000193,09-11-2013,0.166,0.225354169,2.0050001,48,0.332545608,10.8170001,0
MAC000193,10-11-2013,0.1245,0.3160625,1.964,48,0.443818077,15.171,0
MAC000193,11-11-2013,0.2075,0.388958333,2.7390001,48,0.537649021,18.67,0
MAC000193,12-11-2013,0.1725,0.293416667,1.919,48,0.373965514,14.084,0
MAC000193,13-11-2013,0.061,0.278479171,2.6140001,48,0.51601614,13.3670002,0
MAC000193,14-11-2013,0.053,0.116541667,0.617,48,0.124673865,5.594,0.003
MAC000193,15-11-2013,0.1305,0.276958331,1.734,48,0.371081105,13.2939999,0.002
MAC000193,16-11-2013,0.11,0.1860625,1.51,48,0.271053061,8.931,0.003
MAC000193,17-11-2013,0.1475,0.255666667,2.056,48,0.375108627,12.272,0
MAC000193,18-11-2013,0.1695,0.263979167,1.3609999,48,0.320856201,12.671,0.009
MAC000193,19-11-2013,0.1975,0.266270833,1.202,48,0.303342776,12.781,0.007
MAC000193,20-11-2013,0.183,0.276958333,1.232,48,0.317512872,13.294,0
MAC000193,21-11-2013,0.189,0.249041667,1.85,48,0.321791393,11.954,0
MAC000193,22-11-2013,0.176,0.350020833,1.307,48,0.397620395,16.801,0.001
MAC000193,23-11-2013,0.196,0.334645835,1.864,48,0.445060195,16.0630001,0
MAC000193,24-11-2013,0.175,0.323458335,1.934,48,0.41975449,15.5260001,0
MAC000193,25-11-2013,0.1885,0.311812498,2.2579999,48,0.41151063,14.9669999,0.012
MAC000193,26-11-2013,0.189,0.407874998,3.2869999,48,0.647817197,19.5779999,0.002
MAC000193,27-11-2013,0.1905,0.357354167,1.345,48,0.390345918,17.153,0.008
MAC000193,28-11-2013,0.1905,0.338541667,1.915,48,0.440455033,16.25,0
MAC000193,29-11-2013,0.172,0.273041667,1.619,48,0.343752073,13.106,0
MAC000193,30-11-2013,0.241,0.3368125,1.674,48,0.387857106,16.167,0.006
MAC000193,01-12-2013,0.1825,0.253645831,1.1569999,48,0.286145284,12.1749999,0
MAC000193,02-12-2013,0.089,0.291624994,2.2479999,48,0.472646429,13.9979997,0.003
MAC000193,03-12-2013,0.192,0.3221875,1.707,48,0.419999881,15.465,0
MAC000193,04-12-2013,0.213,0.386062502,1.342,48,0.414697916,18.5310001,0
MAC000193,05-12-2013,0.2055,0.415999996,2.184,48,0.49567469,19.9679998,0
MAC000193,06-12-2013,0.705,0.551083338,1.9630001,48,0.50583363,26.4520002,0.009
MAC000193,07-12-2013,0.2665,0.533854167,3.0829999,48,0.676741816,25.625,0.006
MAC000193,08-12-2013,0.2055,0.456875002,3.391,48,0.651830212,21.9300001,0.01
MAC000193,09-12-2013,0.208,0.291500002,1.1670001,48,0.297641802,13.9920001,0
MAC000193,10-12-2013,0.1995,0.341395833,2.52,48,0.471699406,16.387,0
MAC000193,11-12-2013,0.1745,0.332041665,1.307,48,0.396036849,15.9379999,0
MAC000193,12-12-2013,0.1955,0.437729167,2.947,48,0.651711815,21.011,0
MAC000193,13-12-2013,0.194,0.386583331,1.686,48,0.448741016,18.5559999,0.002
MAC000193,14-12-2013,0.18,0.303354167,1.38,48,0.358651285,14.561,0.002
MAC000193,15-12-2013,0.1565,0.475833329,3.332,48,0.798007863,22.8399998,0.007
MAC000193,16-12-2013,0.173,0.248770833,1.059,48,0.265560526,11.941,0
MAC000193,17-12-2013,0.2065,0.437020835,2.7,48,0.587706417,20.9770001,0.001
MAC000193,18-12-2013,0.191,0.298625002,2.0480001,48,0.421576363,14.3340001,0
MAC000193,19-12-2013,0.295,0.595083333,2.3559999,48,0.628409198,28.564,0.004
MAC000193,20-12-2013,0.38,0.525666669,2.0840001,48,0.495924604,25.2320001,0.001
MAC000193,21-12-2013,0.204,0.352729167,1.835,48,0.435938788,16.931,0
MAC000193,22-12-2013,0.2135,0.274833335,1.1210001,48,0.284543637,13.1920001,0
MAC000193,23-12-2013,0.1895,0.414375,2.25,48,0.518080854,19.89,0
MAC000193,24-12-2013,0.1865,0.294979167,1.229,48,0.339495526,14.159,0.001
MAC000193,25-12-2013,0.0515,0.316458333,2.582,48,0.553724947,15.19,0
MAC000193,26-12-2013,0.1965,0.287833333,1.323,48,0.319559426,13.816,0.005
MAC000193,27-12-2013,0.19,0.318979169,1.515,48,0.389904165,15.3110001,0.001
MAC000193,28-12-2013,0.186,0.254458333,1.16,48,0.28104849,12.214,0
MAC000193,29-12-2013,0.151,0.333916669,2.3770001,48,0.50480209,16.0280001,0
MAC000193,30-12-2013,0.183,0.292062498,1.206,48,0.328313312,14.0189999,0
MAC000193,31-12-2013,0.129,0.310374998,2.108,48,0.482411564,14.8979999,0
MAC000193,01-01-2014,0.222,0.33625,1.255,48,0.36655646,16.14,0
MAC000193,02-01-2014,0.467,0.575541665,1.296,48,0.413258917,27.6259999,0.011
MAC000193,03-01-2014,0.171,0.298854167,1.711,48,0.395037784,14.345,0
MAC000193,04-01-2014,0.177,0.2255,0.897,48,0.221976326,10.824,0.006
MAC000193,05-01-2014,0.1675,0.390270835,2.375,48,0.539806815,18.7330001,0.006
MAC000193,06-01-2014,0.193,0.331479165,1.267,48,0.373854444,15.9109999,0.006
MAC000193,07-01-2014,0.215,0.459645835,2.135,48,0.551303316,22.0630001,0.006
MAC000193,08-01-2014,0.181,0.2963125,1.255,48,0.320268382,14.223,0.008
MAC000193,09-01-2014,0.222,0.393624996,2.4319999,48,0.47409961,18.8939998,0.007
MAC000193,10-01-2014,0.209,0.322125004,1.198,48,0.365129169,15.4620002,0.014
MAC000193,11-01-2014,0.172,0.2808125,1.115,48,0.324927793,13.479,0.014
MAC000193,12-01-2014,0.1755,0.346145833,2.27,48,0.49278505,16.615,0.016
MAC000193,13-01-2014,0.1855,0.312416671,1.339,48,0.360683925,14.9960002,0.012
MAC000193,14-01-2014,0.171,0.261854169,1.914,48,0.364361936,12.5690001,0.009
MAC000193,15-01-2014,0.211,0.354208331,1.414,48,0.41569792,17.0019999,0.01
MAC000193,16-01-2014,0.2445,0.3625,1.653,48,0.360870225,17.4,0.011
MAC000193,17-01-2014,0.2095,0.345729169,1.874,48,0.383653815,16.5950001,0.006
MAC000193,18-01-2014,0.148,0.2088125,1.199,48,0.244766207,10.023,0.003
MAC000193,19-01-2014,0.134,0.337,3.138,48,0.590840224,16.176,0.006
MAC000193,20-01-2014,0.171,0.3016875,1.404,48,0.361202964,14.481,0.001
MAC000193,21-01-2014,0.1795,0.375479165,2.036,48,0.474050492,18.0229999,0.002
MAC000193,22-01-2014,0.208,0.4519375,1.823,48,0.465333347,21.693,0.006
MAC000193,23-01-2014,0.2035,0.3533125,1.317,48,0.408697524,16.959,0.005
MAC000193,24-01-2014,0.199,0.316,1.324,48,0.34611903,15.168,0.011
MAC000193,25-01-2014,0.191,0.376312502,2.8050001,48,0.514790368,18.0630001,0.003
MAC000193,26-01-2014,0.183,0.346895833,1.288,48,0.406077827,16.651,0.002
MAC000193,27-01-2014,0.234,0.419895835,2.2880001,48,0.514927321,20.1550001,0.01
MAC000193,28-01-2014,0.2015,0.319833335,1.272,48,0.357337638,15.3520001,0
MAC000193,29-01-2014,0.1775,0.334499996,1.7079999,48,0.413606184,16.0559998,0
MAC000193,30-01-2014,0.1895,0.406250002,2.444,48,0.565679315,19.5000001,0
MAC000193,31-01-2014,0.207,0.431875,1.739,48,0.483632955,20.73,0.007
MAC000193,01-02-2014,0.186,0.337666667,1.198,48,0.370281166,16.208,0
MAC000193,02-02-2014,0.211,0.339833333,2.1989999,48,0.458476999,16.312,0
MAC000193,03-02-2014,0.196,0.296375002,1.173,48,0.327682105,14.2260001,0
MAC000193,04-02-2014,0.152,0.292166667,1.863,48,0.410353731,14.024,0.001
MAC000193,05-02-2014,0.1485,0.338062502,2.3670001,48,0.494669699,16.2270001,0
MAC000193,06-02-2014,0.169,0.288166665,1.285,48,0.355745441,13.8319999,0
MAC000193,07-02-2014,0.1925,0.314708331,1.193,48,0.332443941,15.1059999,0
MAC000193,08-02-2014,0.1695,0.360645835,2.4300001,48,0.488382772,17.3110001,0
MAC000193,09-02-2014,0.0595,0.370750002,2.5020001,48,0.588446158,17.7960001,0
MAC000193,10-02-2014,0.205,0.343666665,1.228,48,0.376055465,16.4959999,0
MAC000193,11-02-2014,0.1905,0.411729169,2.6400001,48,0.566371728,19.7630001,0
MAC000193,12-02-2014,0.184,0.366520833,1.431,48,0.424484769,17.593,0
MAC000193,13-02-2014,0.195,0.342625,1.14,48,0.361374069,16.446,0
MAC000193,14-02-2014,0.198,0.429833329,2.1029999,48,0.530732894,20.6319998,0
MAC000193,15-02-2014,0.272,0.408583333,1.582,48,0.394900302,19.612,0
MAC000193,16-02-2014,0.198,0.460874998,2.553,48,0.586759346,22.1219999,0
MAC000193,17-02-2014,0.1375,0.399395831,2.6010001,48,0.593504582,19.1709999,0
MAC000193,18-02-2014,0.134,0.365458329,2.2079999,48,0.508204503,17.5419998,0.014
MAC000193,19-02-2014,0.18,0.3240625,1.374,48,0.409877585,15.555,0.001
MAC000193,20-02-2014,0.229,0.4130625,2.619,48,0.530563987,19.827,0
MAC000193,21-02-2014,0.1995,0.366895835,1.2640001,48,0.383054484,17.6110001,0.017
MAC000193,22-02-2014,0.2275,0.455374998,2.6489999,48,0.503559517,21.8579999,0.007
MAC000193,23-02-2014,0.1765,0.461312496,2.875,48,0.66677764,22.1429998,0
MAC000193,24-02-2014,0.2075,0.354520833,1.307,48,0.357923384,17.017,0.02
MAC000193,25-02-2014,0.186,0.457166665,2.766,48,0.641787801,21.9439999,0.011
MAC000193,26-02-2014,0.1575,0.3365,1.48,48,0.412252453,16.152,0.005
MAC000193,27-02-2014,0.1435,0.359666669,2.842,48,0.533010096,17.2640001,0.009
MAC000193,28-02-2014,0.602,0.602,0.602,1,,0.602,0.602
